{
  "id": "3995470",
  "name": "book",
  "font_family": "iconfont",
  "css_prefix_text": "icon-",
  "description": "",
  "glyphs": [
    {
      "icon_id": "2674483",
      "name": "暂停",
      "font_class": "zanting",
      "unicode": "e629",
      "unicode_decimal": 58921
    },
    {
      "icon_id": "970780",
      "name": "太阳",
      "font_class": "taiyang-copy",
      "unicode": "e64c",
      "unicode_decimal": 58956
    },
    {
      "icon_id": "4159787",
      "name": "阅读，标签",
      "font_class": "read",
      "unicode": "e63a",
      "unicode_decimal": 58938
    },
    {
      "icon_id": "33759299",
      "name": "147-app-教材目录",
      "font_class": "a-145-app-jiaocaimulu",
      "unicode": "e6ab",
      "unicode_decimal": 59051
    },
    {
      "icon_id": "681025",
      "name": "书2",
      "font_class": "shu2",
      "unicode": "e731",
      "unicode_decimal": 59185
    },
    {
      "icon_id": "1311994",
      "name": "女",
      "font_class": "nv",
      "unicode": "e644",
      "unicode_decimal": 58948
    },
    {
      "icon_id": "1493225",
      "name": "男",
      "font_class": "nan",
      "unicode": "e6e3",
      "unicode_decimal": 59107
    },
    {
      "icon_id": "1621077",
      "name": "Aa",
      "font_class": "Aa",
      "unicode": "e636",
      "unicode_decimal": 58934
    },
    {
      "icon_id": "2674474",
      "name": "播放",
      "font_class": "bofang",
      "unicode": "e624",
      "unicode_decimal": 58916
    },
    {
      "icon_id": "5388009",
      "name": "云上传_o",
      "font_class": "yunshangchuan_o",
      "unicode": "ebb3",
      "unicode_decimal": 60339
    },
    {
      "icon_id": "5849189",
      "name": "设置",
      "font_class": "shezhi",
      "unicode": "e605",
      "unicode_decimal": 58885
    },
    {
      "icon_id": "6010920",
      "name": "客服",
      "font_class": "kefu",
      "unicode": "e614",
      "unicode_decimal": 58900
    },
    {
      "icon_id": "7417079",
      "name": "试听",
      "font_class": "shiting",
      "unicode": "e602",
      "unicode_decimal": 58882
    },
    {
      "icon_id": "7594147",
      "name": "24gf-next",
      "font_class": "24gf-next",
      "unicode": "ea7f",
      "unicode_decimal": 60031
    },
    {
      "icon_id": "7594174",
      "name": "24gf-previous",
      "font_class": "24gf-previous",
      "unicode": "ea88",
      "unicode_decimal": 60040
    },
    {
      "icon_id": "7791022",
      "name": "书籍",
      "font_class": "shuji",
      "unicode": "e7ef",
      "unicode_decimal": 59375
    },
    {
      "icon_id": "9097245",
      "name": "我的",
      "font_class": "wode",
      "unicode": "e620",
      "unicode_decimal": 58912
    },
    {
      "icon_id": "9097246",
      "name": "阅读页-夜间模式",
      "font_class": "yueduye-yejianmoshi",
      "unicode": "e621",
      "unicode_decimal": 58913
    },
    {
      "icon_id": "9097247",
      "name": "听书-目录",
      "font_class": "tingshu-mulu",
      "unicode": "e622",
      "unicode_decimal": 58914
    },
    {
      "icon_id": "11177755",
      "name": "锁-闭",
      "font_class": "ziyuan",
      "unicode": "e625",
      "unicode_decimal": 58917
    },
    {
      "icon_id": "15001628",
      "name": "积分",
      "font_class": "jifen",
      "unicode": "e65a",
      "unicode_decimal": 58970
    },
    {
      "icon_id": "24267646",
      "name": "分类1-面型",
      "font_class": "fenlei1-mianxing",
      "unicode": "e6ae",
      "unicode_decimal": 59054
    }
  ]
}
